<?xml version="1.0" encoding="UTF-8"?>
<LightningComponentBundle xmlns="http://soap.sforce.com/2006/04/metadata">
    <apiVersion>48.0</apiVersion>
    <isExposed>true</isExposed>
    <description>Image that can be a placeholder for a whiteboarding session</description>
    <masterLabel>Mockup File Image</masterLabel>
    <targets>
        <target>lightning__AppPage</target>
        <target>lightning__RecordPage</target>
        <target>lightning__HomePage</target>
    </targets>
    <targetConfigs>
        <targetConfig targets="lightning__AppPage, lightning__RecordPage, lightning__HomePage">
            <property name="contentId" type="String" label="Document"
                description="Which Document should we show?" datasource="apex://ltng_mockupFileCtrl"
            />
            <property name="description" type="String" label="Description"
                description="Alt text shown for the image"
            />
            <property name="targetAddress" type="String" label="OnClick Address"
                description="Where should users go when clicking the hero"
            />
            <property name="imgWidth" type="String" label="Width CSS"
                description="Width of the hero (px or %)" default="100%"
            />
            <property name="imgHeight" type="String" label="Height CSS"
                description="Height of the hero image (px or % or auto)" default="auto;"
            />
        </targetConfig>
    </targetConfigs>
</LightningComponentBundle>